[{"model": "contenttypes.contenttype", "pk": 1, "fields": {"app_label": "admin", "model": "logentry"}}, {"model": "contenttypes.contenttype", "pk": 2, "fields": {"app_label": "auth", "model": "permission"}}, {"model": "contenttypes.contenttype", "pk": 3, "fields": {"app_label": "auth", "model": "group"}}, {"model": "contenttypes.contenttype", "pk": 4, "fields": {"app_label": "auth", "model": "user"}}, {"model": "contenttypes.contenttype", "pk": 5, "fields": {"app_label": "contenttypes", "model": "contenttype"}}, {"model": "contenttypes.contenttype", "pk": 6, "fields": {"app_label": "sessions", "model": "session"}}, {"model": "contenttypes.contenttype", "pk": 7, "fields": {"app_label": "course", "model": "validdivisionmajorpair"}}, {"model": "contenttypes.contenttype", "pk": 8, "fields": {"app_label": "course", "model": "division"}}, {"model": "contenttypes.contenttype", "pk": 9, "fields": {"app_label": "course", "model": "major"}}, {"model": "contenttypes.contenttype", "pk": 10, "fields": {"app_label": "course", "model": "coursetype"}}, {"model": "contenttypes.contenttype", "pk": 11, "fields": {"app_label": "course", "model": "course"}}, {"model": "contenttypes.contenttype", "pk": 12, "fields": {"app_label": "voting", "model": "quickvotes"}}, {"model": "contenttypes.contenttype", "pk": 13, "fields": {"app_label": "voting", "model": "tags"}}, {"model": "contenttypes.contenttype", "pk": 14, "fields": {"app_label": "voting", "model": "usertaggingcourse"}}, {"model": "sessions.session", "pk": "3gve4x6dgs91wbcuwp34wsje71yuvp46", "fields": {"session_data": "ODQyN2JjNzJjZDRlOWM1Nzk5MDgzZDA1ODBiZmMzZGEzOGM1ZTYwMzp7Il9hdXRoX3VzZXJfYmFja2VuZCI6ImRqYW5nby5jb250cmliLmF1dGguYmFja2VuZHMuTW9kZWxCYWNrZW5kIiwiX2F1dGhfdXNlcl9pZCI6IjEiLCJfYXV0aF91c2VyX2hhc2giOiIyY2YxMjUyMzE5YzJjZjBjMTU2N2E2MjdhMTlhOGNlNzYyZWVlZDdkIn0=", "expire_date": "2018-06-28T07:30:27.761Z"}}, {"model": "sessions.session", "pk": "f4jr4mtps7luiafp657lrtgboreqxa0n", "fields": {"session_data": "ODQyN2JjNzJjZDRlOWM1Nzk5MDgzZDA1ODBiZmMzZGEzOGM1ZTYwMzp7Il9hdXRoX3VzZXJfYmFja2VuZCI6ImRqYW5nby5jb250cmliLmF1dGguYmFja2VuZHMuTW9kZWxCYWNrZW5kIiwiX2F1dGhfdXNlcl9pZCI6IjEiLCJfYXV0aF91c2VyX2hhc2giOiIyY2YxMjUyMzE5YzJjZjBjMTU2N2E2MjdhMTlhOGNlNzYyZWVlZDdkIn0=", "expire_date": "2018-06-27T02:46:58.375Z"}}, {"model": "sessions.session", "pk": "rr5gqjdtssns7lt350lpbooy2gmbsp6h", "fields": {"session_data": "YWYwZDRjZGVlZjU1MDQ4MWU4Y2VkMzFkNTFhYmJmMjhlZWEzZjlmYjp7Il9hdXRoX3VzZXJfaWQiOiIxIiwiX2F1dGhfdXNlcl9oYXNoIjoiMmNmMTI1MjMxOWMyY2YwYzE1NjdhNjI3YTE5YThjZTc2MmVlZWQ3ZCIsIl9hdXRoX3VzZXJfYmFja2VuZCI6ImRqYW5nby5jb250cmliLmF1dGguYmFja2VuZHMuTW9kZWxCYWNrZW5kIn0=", "expire_date": "2018-06-26T12:48:54.733Z"}}, {"model": "sessions.session", "pk": "s5f24t4qwbi7vsig66k0at6ccdcqhu2h", "fields": {"session_data": "MGRjNGVlZWY5M2ExMTg5YjRiZjQ3MmU3YmUyZWEzNTA0OTA2YzQyODp7Il9hdXRoX3VzZXJfaGFzaCI6IjJjZjEyNTIzMTljMmNmMGMxNTY3YTYyN2ExOWE4Y2U3NjJlZWVkN2QiLCJfYXV0aF91c2VyX2lkIjoiMSIsIl9hdXRoX3VzZXJfYmFja2VuZCI6ImRqYW5nby5jb250cmliLmF1dGguYmFja2VuZHMuTW9kZWxCYWNrZW5kIn0=", "expire_date": "2018-06-26T10:18:02.157Z"}}, {"model": "sessions.session", "pk": "v0j1nzpu94qk9hlvp4wxh33s806cjmc6", "fields": {"session_data": "ODY3Yjk5ZWY3ZTAxYWU2NGQ0NzU3N2E2MmE3MjQ1ZjljYmQzMDdhZDp7Il9hdXRoX3VzZXJfYmFja2VuZCI6ImRqYW5nby5jb250cmliLmF1dGguYmFja2VuZHMuTW9kZWxCYWNrZW5kIiwiX2F1dGhfdXNlcl9oYXNoIjoiMmNmMTI1MjMxOWMyY2YwYzE1NjdhNjI3YTE5YThjZTc2MmVlZWQ3ZCIsIl9hdXRoX3VzZXJfaWQiOiIxIn0=", "expire_date": "2018-06-21T14:26:55.804Z"}}, {"model": "sessions.session", "pk": "vsug8sjq5j82il5teum87vepwoya1o5d", "fields": {"session_data": "YWYwZDRjZGVlZjU1MDQ4MWU4Y2VkMzFkNTFhYmJmMjhlZWEzZjlmYjp7Il9hdXRoX3VzZXJfaWQiOiIxIiwiX2F1dGhfdXNlcl9oYXNoIjoiMmNmMTI1MjMxOWMyY2YwYzE1NjdhNjI3YTE5YThjZTc2MmVlZWQ3ZCIsIl9hdXRoX3VzZXJfYmFja2VuZCI6ImRqYW5nby5jb250cmliLmF1dGguYmFja2VuZHMuTW9kZWxCYWNrZW5kIn0=", "expire_date": "2018-06-22T03:12:07.059Z"}}, {"model": "course.division", "pk": 1, "fields": {"division_en": "Division of Business and Management", "division_cn": "\u5de5\u5546\u7ba1\u7406\u5b66\u90e8", "division_en_abbr": "DBM"}}, {"model": "course.division", "pk": 2, "fields": {"division_en": "Division of Culture and Creativity", "division_cn": "\u6587\u5316\u4e0e\u521b\u610f\u5b66\u90e8", "division_en_abbr": "DCC"}}, {"model": "course.division", "pk": 3, "fields": {"division_en": "Division of Humanities and Social Sciences", "division_cn": "\u4eba\u6587\u4e0e\u793e\u4f1a\u79d1\u5b66\u5b66\u90e8", "division_en_abbr": "DHSS"}}, {"model": "course.division", "pk": 4, "fields": {"division_en": "Division of Science and Technology", "division_cn": "\u7406\u5de5\u79d1\u6280\u5b66\u90e8", "division_en_abbr": "DST"}}, {"model": "course.major", "pk": 1, "fields": {"major_en": "Applied Psychology", "major_cn": "\u5e94\u7528\u5fc3\u7406\u5b66", "major_en_abbr": "APSY"}}, {"model": "course.major", "pk": 2, "fields": {"major_en": "Computer Science and Technology", "major_cn": "\u8ba1\u7b97\u673a\u79d1\u5b66\u4e0e\u6280\u672f", "major_en_abbr": "CST"}}, {"model": "course.major", "pk": 3, "fields": {"major_en": "Data Science", "major_cn": "\u6570\u636e\u79d1\u5b66\u4e0e\u5927\u6570\u636e\u6280\u672f", "major_en_abbr": "DS"}}, {"model": "course.major", "pk": 4, "fields": {"major_en": "Environmental Science", "major_cn": "\u73af\u5883\u79d1\u5b66", "major_en_abbr": "ENVS"}}, {"model": "course.major", "pk": 5, "fields": {"major_en": "Financial Mathematics", "major_cn": "\u91d1\u878d\u6570\u5b66", "major_en_abbr": "FM"}}, {"model": "course.major", "pk": 6, "fields": {"major_en": "Food Science and Technology", "major_cn": "\u98df\u54c1\u79d1\u5b66\u4e0e\u5de5\u7a0b", "major_en_abbr": "FST"}}, {"model": "course.major", "pk": 7, "fields": {"major_en": "Statistics", "major_cn": "\u7edf\u8ba1\u5b66", "major_en_abbr": "STAT"}}, {"model": "course.major", "pk": 8, "fields": {"major_en": "Applied Translation Studies", "major_cn": "\u5e94\u7528\u7ffb\u8bd1\u5b66", "major_en_abbr": "ATS"}}, {"model": "course.major", "pk": 9, "fields": {"major_en": "Contemporary English Language and Literature", "major_cn": "\u73b0\u5f53\u4ee3\u82f1\u8bed\u8bed\u8a00\u6587\u5b66", "major_en_abbr": "CELL"}}, {"model": "course.major", "pk": 10, "fields": {"major_en": "English Language and Literature Studies", "major_cn": "\u82f1\u8bed\u8bed\u8a00\u6587\u5b66", "major_en_abbr": "ELLS"}}, {"model": "course.major", "pk": 11, "fields": {"major_en": "Government and International Relations", "major_cn": "\u653f\u6cbb\u4e0e\u56fd\u9645\u5173\u7cfb", "major_en_abbr": "GIR"}}, {"model": "course.major", "pk": 12, "fields": {"major_en": "International Journalism", "major_cn": "\u65b0\u95fb\u5b66", "major_en_abbr": "IJ"}}, {"model": "course.major", "pk": 13, "fields": {"major_en": "Public Relations and Advertising", "major_cn": "\u516c\u5171\u5173\u7cfb\u4e0e\u5e7f\u544a", "major_en_abbr": "PRA"}}, {"model": "course.major", "pk": 14, "fields": {"major_en": "Social Work and Social Administration", "major_cn": "\u793e\u4f1a\u5de5\u4f5c\u4e0e\u793e\u4f1a\u884c\u653f", "major_en_abbr": "SWSA"}}, {"model": "course.major", "pk": 15, "fields": {"major_en": "Teaching English as a Second Language", "major_cn": "\u82f1\u8bed\u4f5c\u4e3a\u7b2c\u4e8c\u8bed\u8a00\u6559\u5b66", "major_en_abbr": "TESL"}}, {"model": "course.major", "pk": 16, "fields": {"major_en": "Culture, Creativity and Management", "major_cn": "\u6587\u5316\u521b\u610f\u4e0e\u7ba1\u7406", "major_en_abbr": "CCM"}}, {"model": "course.major", "pk": 17, "fields": {"major_en": "Cinema and Television", "major_cn": "\u5f71\u89c6\u5b66", "major_en_abbr": "CTV"}}, {"model": "course.major", "pk": 18, "fields": {"major_en": "Media Arts and Design", "major_cn": "\u5a92\u4f53\u827a\u672f\u4e0e\u8bbe\u8ba1", "major_en_abbr": "MAD"}}, {"model": "course.major", "pk": 19, "fields": {"major_en": "Creative Musical Practice", "major_cn": "\u521b\u610f\u97f3\u4e50\u5b9e\u8df5", "major_en_abbr": "CMP"}}, {"model": "course.major", "pk": 20, "fields": {"major_en": "Applied Economics", "major_cn": "\u5e94\u7528\u7ecf\u6d4e\u5b66", "major_en_abbr": "AE"}}, {"model": "course.major", "pk": 21, "fields": {"major_en": "Finance", "major_cn": "\u8d22\u52a1\u5b66", "major_en_abbr": "FIN"}}, {"model": "course.major", "pk": 22, "fields": {"major_en": "Accounting", "major_cn": "\u4f1a\u8ba1\u5b66", "major_en_abbr": "ACCT"}}, {"model": "course.major", "pk": 23, "fields": {"major_en": "Management of Human Resources", "major_cn": "\u4eba\u529b\u8d44\u6e90\u7ba1\u7406", "major_en_abbr": "MHR"}}, {"model": "course.major", "pk": 24, "fields": {"major_en": "Marketing Management", "major_cn": "\u5e02\u573a\u8425\u9500", "major_en_abbr": "MKT"}}, {"model": "course.major", "pk": 25, "fields": {"major_en": "Business Management and Information Systems", "major_cn": "\u7535\u5b50\u5546\u52a1\u4e0e\u8d44\u8baf\u7cfb\u7edf\u7ba1\u7406", "major_en_abbr": "EBIS"}}, {"model": "course.major", "pk": 26, "fields": {"major_en": "Entrepreneurship and Innovation", "major_cn": "\u521b\u4e1a\u4e0e\u521b\u65b0\u7ba1\u7406", "major_en_abbr": "EPIN"}}, {"model": "course.validdivisionmajorpair", "pk": 1, "fields": {"major": 1, "division": 4}}, {"model": "course.validdivisionmajorpair", "pk": 2, "fields": {"major": 2, "division": 4}}, {"model": "course.validdivisionmajorpair", "pk": 3, "fields": {"major": 3, "division": 4}}, {"model": "course.validdivisionmajorpair", "pk": 4, "fields": {"major": 4, "division": 4}}, {"model": "course.validdivisionmajorpair", "pk": 5, "fields": {"major": 5, "division": 4}}, {"model": "course.validdivisionmajorpair", "pk": 6, "fields": {"major": 6, "division": 4}}, {"model": "course.validdivisionmajorpair", "pk": 7, "fields": {"major": 7, "division": 4}}, {"model": "course.validdivisionmajorpair", "pk": 8, "fields": {"major": 8, "division": 3}}, {"model": "course.validdivisionmajorpair", "pk": 9, "fields": {"major": 9, "division": 3}}, {"model": "course.validdivisionmajorpair", "pk": 10, "fields": {"major": 10, "division": 3}}, {"model": "course.validdivisionmajorpair", "pk": 11, "fields": {"major": 11, "division": 3}}, {"model": "course.validdivisionmajorpair", "pk": 12, "fields": {"major": 12, "division": 3}}, {"model": "course.validdivisionmajorpair", "pk": 13, "fields": {"major": 13, "division": 3}}, {"model": "course.validdivisionmajorpair", "pk": 14, "fields": {"major": 14, "division": 3}}, {"model": "course.validdivisionmajorpair", "pk": 15, "fields": {"major": 15, "division": 3}}, {"model": "course.validdivisionmajorpair", "pk": 16, "fields": {"major": 16, "division": 2}}, {"model": "course.validdivisionmajorpair", "pk": 17, "fields": {"major": 17, "division": 2}}, {"model": "course.validdivisionmajorpair", "pk": 18, "fields": {"major": 18, "division": 2}}, {"model": "course.validdivisionmajorpair", "pk": 19, "fields": {"major": 19, "division": 2}}, {"model": "course.validdivisionmajorpair", "pk": 20, "fields": {"major": 20, "division": 1}}, {"model": "course.validdivisionmajorpair", "pk": 21, "fields": {"major": 21, "division": 1}}, {"model": "course.validdivisionmajorpair", "pk": 22, "fields": {"major": 22, "division": 1}}, {"model": "course.validdivisionmajorpair", "pk": 23, "fields": {"major": 23, "division": 1}}, {"model": "course.validdivisionmajorpair", "pk": 24, "fields": {"major": 24, "division": 1}}, {"model": "course.validdivisionmajorpair", "pk": 25, "fields": {"major": 25, "division": 1}}, {"model": "course.validdivisionmajorpair", "pk": 26, "fields": {"major": 26, "division": 1}}, {"model": "course.coursetype", "pk": 1, "fields": {"name": "Major Required Courses", "name_abbr": "MR"}}, {"model": "course.coursetype", "pk": 2, "fields": {"name": "Major Elective Courses", "name_abbr": "ME"}}, {"model": "course.coursetype", "pk": 3, "fields": {"name": "General Education Required Courses", "name_abbr": "GER"}}, {"model": "course.coursetype", "pk": 4, "fields": {"name": "General Education Distribution Courses", "name_abbr": "GED"}}, {"model": "course.coursetype", "pk": 5, "fields": {"name": "Whole Person Education Experiential Learning Modules", "name_abbr": "WPEX"}}, {"model": "course.coursetype", "pk": 6, "fields": {"name": "Free Elective Courses", "name_abbr": "FE"}}, {"model": "course.course", "pk": 1, "fields": {"course_id": "TEST1003", "course_name_en": "Test Course 1", "course_name_cn": "\u6d4b\u8bd5\u8bfe\u7a0b 1", "course_units": 3, "course_description": "\u8fd9\u662f\u4e00\u4e2a\u6807\u51c6\u7684\u6d4b\u8bd5\u8bfe\u7a0b\uff0c\u65e8\u5728\u8fdb\u884c\u7cfb\u7edf\u529f\u80fd\u7684\u8c03\u8bd5\u3002", "course_pre_request": null, "course_type": 1, "is_visible": true, "is_rateable": true, "update_time": "2018-06-12T10:27:25.284Z", "course_major_take": [2, 3]}}, {"model": "course.course", "pk": 2, "fields": {"course_id": "TEST1013", "course_name_en": "Test Course 2", "course_name_cn": "\u6d4b\u8bd5\u8bfe\u7a0b 2", "course_units": 3, "course_description": "\u8fd9\u53ea\u662f\u4e00\u4e2a\u6d4b\u8bd5\u8bfe\u7a0b\u3002", "course_pre_request": 1, "course_type": 1, "is_visible": true, "is_rateable": true, "update_time": "2018-06-13T02:56:45.225Z", "course_major_take": [2, 3]}}, {"model": "course.course", "pk": 3, "fields": {"course_id": "TEST2003", "course_name_en": "Test Course 3", "course_name_cn": "\u6d4b\u8bd5\u8bfe\u7a0b 3", "course_units": 1, "course_description": "\u6d4b\u8bd5\u8bfe\u7a0b 3", "course_pre_request": 2, "course_type": 5, "is_visible": true, "is_rateable": true, "update_time": "2018-06-13T08:42:38.871Z", "course_major_take": [2]}}, {"model": "voting.tags", "pk": 1, "fields": {"tag_title": "Interesting content", "tag_description": "The content of the course is lively and interesting, and it attracts people to listen carefully.", "tag_opposite": null, "tag_sentiment_index": 0.8}}, {"model": "voting.tags", "pk": 3, "fields": {"tag_title": "Lots of homework", "tag_description": "A lot of homework needs to be completed in the course", "tag_opposite": null, "tag_sentiment_index": -0.6}}, {"model": "voting.tags", "pk": 4, "fields": {"tag_title": "Participation matters", "tag_description": "You need to be fully involved in the course", "tag_opposite": null, "tag_sentiment_index": 0.0}}, {"model": "auth.permission", "pk": 1, "fields": {"name": "Can add log entry", "content_type": 1, "codename": "add_logentry"}}, {"model": "auth.permission", "pk": 2, "fields": {"name": "Can change log entry", "content_type": 1, "codename": "change_logentry"}}, {"model": "auth.permission", "pk": 3, "fields": {"name": "Can delete log entry", "content_type": 1, "codename": "delete_logentry"}}, {"model": "auth.permission", "pk": 4, "fields": {"name": "Can add permission", "content_type": 2, "codename": "add_permission"}}, {"model": "auth.permission", "pk": 5, "fields": {"name": "Can change permission", "content_type": 2, "codename": "change_permission"}}, {"model": "auth.permission", "pk": 6, "fields": {"name": "Can delete permission", "content_type": 2, "codename": "delete_permission"}}, {"model": "auth.permission", "pk": 7, "fields": {"name": "Can add group", "content_type": 3, "codename": "add_group"}}, {"model": "auth.permission", "pk": 8, "fields": {"name": "Can change group", "content_type": 3, "codename": "change_group"}}, {"model": "auth.permission", "pk": 9, "fields": {"name": "Can delete group", "content_type": 3, "codename": "delete_group"}}, {"model": "auth.permission", "pk": 10, "fields": {"name": "Can add user", "content_type": 4, "codename": "add_user"}}, {"model": "auth.permission", "pk": 11, "fields": {"name": "Can change user", "content_type": 4, "codename": "change_user"}}, {"model": "auth.permission", "pk": 12, "fields": {"name": "Can delete user", "content_type": 4, "codename": "delete_user"}}, {"model": "auth.permission", "pk": 13, "fields": {"name": "Can add content type", "content_type": 5, "codename": "add_contenttype"}}, {"model": "auth.permission", "pk": 14, "fields": {"name": "Can change content type", "content_type": 5, "codename": "change_contenttype"}}, {"model": "auth.permission", "pk": 15, "fields": {"name": "Can delete content type", "content_type": 5, "codename": "delete_contenttype"}}, {"model": "auth.permission", "pk": 16, "fields": {"name": "Can add session", "content_type": 6, "codename": "add_session"}}, {"model": "auth.permission", "pk": 17, "fields": {"name": "Can change session", "content_type": 6, "codename": "change_session"}}, {"model": "auth.permission", "pk": 18, "fields": {"name": "Can delete session", "content_type": 6, "codename": "delete_session"}}, {"model": "auth.permission", "pk": 19, "fields": {"name": "Can add valid division major pair", "content_type": 7, "codename": "add_validdivisionmajorpair"}}, {"model": "auth.permission", "pk": 20, "fields": {"name": "Can change valid division major pair", "content_type": 7, "codename": "change_validdivisionmajorpair"}}, {"model": "auth.permission", "pk": 21, "fields": {"name": "Can delete valid division major pair", "content_type": 7, "codename": "delete_validdivisionmajorpair"}}, {"model": "auth.permission", "pk": 22, "fields": {"name": "Can add division", "content_type": 8, "codename": "add_division"}}, {"model": "auth.permission", "pk": 23, "fields": {"name": "Can change division", "content_type": 8, "codename": "change_division"}}, {"model": "auth.permission", "pk": 24, "fields": {"name": "Can delete division", "content_type": 8, "codename": "delete_division"}}, {"model": "auth.permission", "pk": 25, "fields": {"name": "Can add major", "content_type": 9, "codename": "add_major"}}, {"model": "auth.permission", "pk": 26, "fields": {"name": "Can change major", "content_type": 9, "codename": "change_major"}}, {"model": "auth.permission", "pk": 27, "fields": {"name": "Can delete major", "content_type": 9, "codename": "delete_major"}}, {"model": "auth.permission", "pk": 28, "fields": {"name": "Can add course type", "content_type": 10, "codename": "add_coursetype"}}, {"model": "auth.permission", "pk": 29, "fields": {"name": "Can change course type", "content_type": 10, "codename": "change_coursetype"}}, {"model": "auth.permission", "pk": 30, "fields": {"name": "Can delete course type", "content_type": 10, "codename": "delete_coursetype"}}, {"model": "auth.permission", "pk": 31, "fields": {"name": "Can add course", "content_type": 11, "codename": "add_course"}}, {"model": "auth.permission", "pk": 32, "fields": {"name": "Can change course", "content_type": 11, "codename": "change_course"}}, {"model": "auth.permission", "pk": 33, "fields": {"name": "Can delete course", "content_type": 11, "codename": "delete_course"}}, {"model": "auth.permission", "pk": 34, "fields": {"name": "Can add quick votes", "content_type": 12, "codename": "add_quickvotes"}}, {"model": "auth.permission", "pk": 35, "fields": {"name": "Can change quick votes", "content_type": 12, "codename": "change_quickvotes"}}, {"model": "auth.permission", "pk": 36, "fields": {"name": "Can delete quick votes", "content_type": 12, "codename": "delete_quickvotes"}}, {"model": "auth.permission", "pk": 37, "fields": {"name": "Can add tags", "content_type": 13, "codename": "add_tags"}}, {"model": "auth.permission", "pk": 38, "fields": {"name": "Can change tags", "content_type": 13, "codename": "change_tags"}}, {"model": "auth.permission", "pk": 39, "fields": {"name": "Can delete tags", "content_type": 13, "codename": "delete_tags"}}, {"model": "auth.permission", "pk": 40, "fields": {"name": "Can add User Review", "content_type": 14, "codename": "add_usertaggingcourse"}}, {"model": "auth.permission", "pk": 41, "fields": {"name": "Can change User Review", "content_type": 14, "codename": "change_usertaggingcourse"}}, {"model": "auth.permission", "pk": 42, "fields": {"name": "Can delete User Review", "content_type": 14, "codename": "delete_usertaggingcourse"}}, {"model": "auth.user", "pk": 1, "fields": {"password": "pbkdf2_sha256$100000$WNkRWIPbmKdW$TGF5mawBpAv35ZC60/U6nOJ5QpLdRWSCgOtZQT2sxzo=", "last_login": "2018-06-14T07:30:27.673Z", "is_superuser": true, "username": "ecwu", "first_name": "Zhenghao", "last_name": "Wu", "email": "jack@ecwuuuuu.com", "is_staff": true, "is_active": true, "date_joined": "2018-06-04T16:43:47Z", "groups": [], "user_permissions": []}}, {"model": "auth.user", "pk": 2, "fields": {"password": "pbkdf2_sha256$100000$tcazhF7xO89S$3D0QEaO1idwog8LKes2Xr8NMVT2CoNxwat1IxeHSl/4=", "last_login": "2018-06-14T07:18:33.138Z", "is_superuser": false, "username": "test", "first_name": "John", "last_name": "Doe", "email": "test@test.com", "is_staff": false, "is_active": true, "date_joined": "2018-06-14T06:24:10.798Z", "groups": [], "user_permissions": []}}, {"model": "voting.quickvotes", "pk": 1, "fields": {"course": 1, "voter": 1, "vote_date": "2018-06-13T05:05:22.483Z", "update_time": "2018-06-13T08:09:19.215Z", "vote_status": true, "is_invalid_vote": false}}, {"model": "voting.quickvotes", "pk": 2, "fields": {"course": 1, "voter": 2, "vote_date": "2018-06-14T06:24:52.570Z", "update_time": "2018-06-14T06:25:05.471Z", "vote_status": true, "is_invalid_vote": false}}, {"model": "admin.logentry", "pk": 1, "fields": {"action_time": "2018-06-07T14:29:46.991Z", "user": 1, "content_type": 8, "object_id": "1", "object_repr": "DBM", "action_flag": 1, "change_message": "[{\"added\": {}}]"}}, {"model": "admin.logentry", "pk": 2, "fields": {"action_time": "2018-06-07T14:29:53.106Z", "user": 1, "content_type": 8, "object_id": "1", "object_repr": "DBM", "action_flag": 2, "change_message": "[]"}}, {"model": "admin.logentry", "pk": 3, "fields": {"action_time": "2018-06-07T14:31:15.726Z", "user": 1, "content_type": 8, "object_id": "2", "object_repr": "DCC", "action_flag": 1, "change_message": "[{\"added\": {}}]"}}, {"model": "admin.logentry", "pk": 4, "fields": {"action_time": "2018-06-07T14:32:08.926Z", "user": 1, "content_type": 8, "object_id": "3", "object_repr": "DHSS", "action_flag": 1, "change_message": "[{\"added\": {}}]"}}, {"model": "admin.logentry", "pk": 5, "fields": {"action_time": "2018-06-07T14:32:34.971Z", "user": 1, "content_type": 8, "object_id": "4", "object_repr": "DST", "action_flag": 1, "change_message": "[{\"added\": {}}]"}}, {"model": "admin.logentry", "pk": 6, "fields": {"action_time": "2018-06-07T14:33:33.845Z", "user": 1, "content_type": 9, "object_id": "1", "object_repr": "APSY", "action_flag": 1, "change_message": "[{\"added\": {}}]"}}, {"model": "admin.logentry", "pk": 7, "fields": {"action_time": "2018-06-07T14:33:54.965Z", "user": 1, "content_type": 9, "object_id": "2", "object_repr": "CST", "action_flag": 1, "change_message": "[{\"added\": {}}]"}}, {"model": "admin.logentry", "pk": 8, "fields": {"action_time": "2018-06-07T14:34:32.225Z", "user": 1, "content_type": 9, "object_id": "3", "object_repr": "DS", "action_flag": 1, "change_message": "[{\"added\": {}}]"}}, {"model": "admin.logentry", "pk": 9, "fields": {"action_time": "2018-06-07T14:35:00.168Z", "user": 1, "content_type": 9, "object_id": "4", "object_repr": "ENVS", "action_flag": 1, "change_message": "[{\"added\": {}}]"}}, {"model": "admin.logentry", "pk": 10, "fields": {"action_time": "2018-06-07T14:35:25.474Z", "user": 1, "content_type": 9, "object_id": "5", "object_repr": "FM", "action_flag": 1, "change_message": "[{\"added\": {}}]"}}, {"model": "admin.logentry", "pk": 11, "fields": {"action_time": "2018-06-07T14:35:39.558Z", "user": 1, "content_type": 9, "object_id": "6", "object_repr": "FST", "action_flag": 1, "change_message": "[{\"added\": {}}]"}}, {"model": "admin.logentry", "pk": 12, "fields": {"action_time": "2018-06-07T14:35:58.255Z", "user": 1, "content_type": 9, "object_id": "7", "object_repr": "STAT", "action_flag": 1, "change_message": "[{\"added\": {}}]"}}, {"model": "admin.logentry", "pk": 13, "fields": {"action_time": "2018-06-07T14:36:10.294Z", "user": 1, "content_type": 7, "object_id": "1", "object_repr": "Applied Psychology Division of Science and Technology", "action_flag": 1, "change_message": "[{\"added\": {}}]"}}, {"model": "admin.logentry", "pk": 14, "fields": {"action_time": "2018-06-07T14:36:20.486Z", "user": 1, "content_type": 7, "object_id": "2", "object_repr": "Computer Science and Technology Division of Science and Technology", "action_flag": 1, "change_message": "[{\"added\": {}}]"}}, {"model": "admin.logentry", "pk": 15, "fields": {"action_time": "2018-06-07T14:36:24.920Z", "user": 1, "content_type": 7, "object_id": "3", "object_repr": "Data Science Division of Science and Technology", "action_flag": 1, "change_message": "[{\"added\": {}}]"}}, {"model": "admin.logentry", "pk": 16, "fields": {"action_time": "2018-06-07T14:36:28.602Z", "user": 1, "content_type": 7, "object_id": "4", "object_repr": "Environmental Science Division of Science and Technology", "action_flag": 1, "change_message": "[{\"added\": {}}]"}}, {"model": "admin.logentry", "pk": 17, "fields": {"action_time": "2018-06-07T14:36:33.820Z", "user": 1, "content_type": 7, "object_id": "5", "object_repr": "Financial Mathematics Division of Science and Technology", "action_flag": 1, "change_message": "[{\"added\": {}}]"}}, {"model": "admin.logentry", "pk": 18, "fields": {"action_time": "2018-06-07T14:36:37.967Z", "user": 1, "content_type": 7, "object_id": "6", "object_repr": "Food Science and Technology Division of Science and Technology", "action_flag": 1, "change_message": "[{\"added\": {}}]"}}, {"model": "admin.logentry", "pk": 19, "fields": {"action_time": "2018-06-07T14:36:41.510Z", "user": 1, "content_type": 7, "object_id": "7", "object_repr": "Statistics Division of Science and Technology", "action_flag": 1, "change_message": "[{\"added\": {}}]"}}, {"model": "admin.logentry", "pk": 20, "fields": {"action_time": "2018-06-07T14:43:47.827Z", "user": 1, "content_type": 9, "object_id": "8", "object_repr": "Applied Translation Studies (ATS)", "action_flag": 1, "change_message": "[{\"added\": {}}]"}}, {"model": "admin.logentry", "pk": 21, "fields": {"action_time": "2018-06-07T14:45:17.284Z", "user": 1, "content_type": 9, "object_id": "9", "object_repr": "Contemporary English Language and Literature (CELL)", "action_flag": 1, "change_message": "[{\"added\": {}}]"}}, {"model": "admin.logentry", "pk": 22, "fields": {"action_time": "2018-06-07T14:45:44.647Z", "user": 1, "content_type": 9, "object_id": "10", "object_repr": "English Language and Literature Studies (ELLS)", "action_flag": 1, "change_message": "[{\"added\": {}}]"}}, {"model": "admin.logentry", "pk": 23, "fields": {"action_time": "2018-06-07T14:46:00.143Z", "user": 1, "content_type": 9, "object_id": "11", "object_repr": "Government and International Relations (GIR)", "action_flag": 1, "change_message": "[{\"added\": {}}]"}}, {"model": "admin.logentry", "pk": 24, "fields": {"action_time": "2018-06-07T14:46:31.603Z", "user": 1, "content_type": 9, "object_id": "12", "object_repr": "International Journalism (IJ)", "action_flag": 1, "change_message": "[{\"added\": {}}]"}}, {"model": "admin.logentry", "pk": 25, "fields": {"action_time": "2018-06-07T14:46:47.773Z", "user": 1, "content_type": 9, "object_id": "13", "object_repr": "Public Relations and Advertising (PRA)", "action_flag": 1, "change_message": "[{\"added\": {}}]"}}, {"model": "admin.logentry", "pk": 26, "fields": {"action_time": "2018-06-07T14:47:03.773Z", "user": 1, "content_type": 9, "object_id": "14", "object_repr": "Social Work and Social Administration (SWSA)", "action_flag": 1, "change_message": "[{\"added\": {}}]"}}, {"model": "admin.logentry", "pk": 27, "fields": {"action_time": "2018-06-07T14:47:19.327Z", "user": 1, "content_type": 9, "object_id": "15", "object_repr": "Teaching English as a Second Language (TESL)", "action_flag": 1, "change_message": "[{\"added\": {}}]"}}, {"model": "admin.logentry", "pk": 28, "fields": {"action_time": "2018-06-07T14:47:42.690Z", "user": 1, "content_type": 7, "object_id": "8", "object_repr": "Applied Translation Studies @ Division of Humanities and Social Sciences", "action_flag": 1, "change_message": "[{\"added\": {}}]"}}, {"model": "admin.logentry", "pk": 29, "fields": {"action_time": "2018-06-07T14:47:47.230Z", "user": 1, "content_type": 7, "object_id": "9", "object_repr": "Contemporary English Language and Literature @ Division of Humanities and Social Sciences", "action_flag": 1, "change_message": "[{\"added\": {}}]"}}, {"model": "admin.logentry", "pk": 30, "fields": {"action_time": "2018-06-07T14:47:51.173Z", "user": 1, "content_type": 7, "object_id": "10", "object_repr": "English Language and Literature Studies @ Division of Humanities and Social Sciences", "action_flag": 1, "change_message": "[{\"added\": {}}]"}}, {"model": "admin.logentry", "pk": 31, "fields": {"action_time": "2018-06-07T14:47:56.417Z", "user": 1, "content_type": 7, "object_id": "11", "object_repr": "Government and International Relations @ Division of Humanities and Social Sciences", "action_flag": 1, "change_message": "[{\"added\": {}}]"}}, {"model": "admin.logentry", "pk": 32, "fields": {"action_time": "2018-06-07T14:48:01.338Z", "user": 1, "content_type": 7, "object_id": "12", "object_repr": "International Journalism @ Division of Humanities and Social Sciences", "action_flag": 1, "change_message": "[{\"added\": {}}]"}}, {"model": "admin.logentry", "pk": 33, "fields": {"action_time": "2018-06-07T14:48:05.383Z", "user": 1, "content_type": 7, "object_id": "13", "object_repr": "Public Relations and Advertising @ Division of Humanities and Social Sciences", "action_flag": 1, "change_message": "[{\"added\": {}}]"}}, {"model": "admin.logentry", "pk": 34, "fields": {"action_time": "2018-06-07T14:48:09.211Z", "user": 1, "content_type": 7, "object_id": "14", "object_repr": "Social Work and Social Administration @ Division of Humanities and Social Sciences", "action_flag": 1, "change_message": "[{\"added\": {}}]"}}, {"model": "admin.logentry", "pk": 35, "fields": {"action_time": "2018-06-07T14:48:13.501Z", "user": 1, "content_type": 7, "object_id": "15", "object_repr": "Teaching English as a Second Language @ Division of Humanities and Social Sciences", "action_flag": 1, "change_message": "[{\"added\": {}}]"}}, {"model": "admin.logentry", "pk": 36, "fields": {"action_time": "2018-06-07T14:49:54.600Z", "user": 1, "content_type": 9, "object_id": "16", "object_repr": "Culture, Creativity and Management (CCm)", "action_flag": 1, "change_message": "[{\"added\": {}}]"}}, {"model": "admin.logentry", "pk": 37, "fields": {"action_time": "2018-06-07T14:50:00.860Z", "user": 1, "content_type": 9, "object_id": "16", "object_repr": "Culture, Creativity and Management (CCM)", "action_flag": 2, "change_message": "[{\"changed\": {\"fields\": [\"major_en_abbr\"]}}]"}}, {"model": "admin.logentry", "pk": 38, "fields": {"action_time": "2018-06-07T14:50:34.380Z", "user": 1, "content_type": 9, "object_id": "17", "object_repr": "Cinema and Television (CTV)", "action_flag": 1, "change_message": "[{\"added\": {}}]"}}, {"model": "admin.logentry", "pk": 39, "fields": {"action_time": "2018-06-07T14:51:32.631Z", "user": 1, "content_type": 9, "object_id": "18", "object_repr": "Media Arts and Design (MAD)", "action_flag": 1, "change_message": "[{\"added\": {}}]"}}, {"model": "admin.logentry", "pk": 40, "fields": {"action_time": "2018-06-07T14:52:08.934Z", "user": 1, "content_type": 9, "object_id": "19", "object_repr": "Creative Musical Practice (CMP)", "action_flag": 1, "change_message": "[{\"added\": {}}]"}}, {"model": "admin.logentry", "pk": 41, "fields": {"action_time": "2018-06-07T14:52:24.028Z", "user": 1, "content_type": 7, "object_id": "16", "object_repr": "Culture, Creativity and Management @ Division of Culture and Creativity", "action_flag": 1, "change_message": "[{\"added\": {}}]"}}, {"model": "admin.logentry", "pk": 42, "fields": {"action_time": "2018-06-07T14:52:29.360Z", "user": 1, "content_type": 7, "object_id": "17", "object_repr": "Cinema and Television @ Division of Culture and Creativity", "action_flag": 1, "change_message": "[{\"added\": {}}]"}}, {"model": "admin.logentry", "pk": 43, "fields": {"action_time": "2018-06-07T14:52:34.568Z", "user": 1, "content_type": 7, "object_id": "18", "object_repr": "Media Arts and Design @ Division of Culture and Creativity", "action_flag": 1, "change_message": "[{\"added\": {}}]"}}, {"model": "admin.logentry", "pk": 44, "fields": {"action_time": "2018-06-07T14:52:43.767Z", "user": 1, "content_type": 7, "object_id": "19", "object_repr": "Creative Musical Practice @ Division of Culture and Creativity", "action_flag": 1, "change_message": "[{\"added\": {}}]"}}, {"model": "admin.logentry", "pk": 45, "fields": {"action_time": "2018-06-07T14:54:33.243Z", "user": 1, "content_type": 9, "object_id": "20", "object_repr": "Applied Economics (AE)", "action_flag": 1, "change_message": "[{\"added\": {}}]"}}, {"model": "admin.logentry", "pk": 46, "fields": {"action_time": "2018-06-07T14:55:00.665Z", "user": 1, "content_type": 9, "object_id": "21", "object_repr": "Finance (FIN)", "action_flag": 1, "change_message": "[{\"added\": {}}]"}}, {"model": "admin.logentry", "pk": 47, "fields": {"action_time": "2018-06-07T14:55:18.195Z", "user": 1, "content_type": 9, "object_id": "22", "object_repr": "Accounting (ACCT)", "action_flag": 1, "change_message": "[{\"added\": {}}]"}}, {"model": "admin.logentry", "pk": 48, "fields": {"action_time": "2018-06-07T14:55:32.080Z", "user": 1, "content_type": 9, "object_id": "23", "object_repr": "Management of Human Resources (MHR)", "action_flag": 1, "change_message": "[{\"added\": {}}]"}}, {"model": "admin.logentry", "pk": 49, "fields": {"action_time": "2018-06-07T14:56:19.341Z", "user": 1, "content_type": 9, "object_id": "24", "object_repr": "Marketing Management (MKT)", "action_flag": 1, "change_message": "[{\"added\": {}}]"}}, {"model": "admin.logentry", "pk": 50, "fields": {"action_time": "2018-06-07T14:57:05.019Z", "user": 1, "content_type": 9, "object_id": "25", "object_repr": "Business Management and Information Systems (EBIS)", "action_flag": 1, "change_message": "[{\"added\": {}}]"}}, {"model": "admin.logentry", "pk": 51, "fields": {"action_time": "2018-06-07T14:57:29.698Z", "user": 1, "content_type": 9, "object_id": "26", "object_repr": "Entrepreneurship and Innovation (EPIN)", "action_flag": 1, "change_message": "[{\"added\": {}}]"}}, {"model": "admin.logentry", "pk": 52, "fields": {"action_time": "2018-06-07T14:58:11.449Z", "user": 1, "content_type": 7, "object_id": "20", "object_repr": "Applied Economics @ Division of Business and Management", "action_flag": 1, "change_message": "[{\"added\": {}}]"}}, {"model": "admin.logentry", "pk": 53, "fields": {"action_time": "2018-06-07T14:58:15.392Z", "user": 1, "content_type": 7, "object_id": "21", "object_repr": "Finance @ Division of Business and Management", "action_flag": 1, "change_message": "[{\"added\": {}}]"}}, {"model": "admin.logentry", "pk": 54, "fields": {"action_time": "2018-06-07T14:58:20.776Z", "user": 1, "content_type": 7, "object_id": "22", "object_repr": "Accounting @ Division of Business and Management", "action_flag": 1, "change_message": "[{\"added\": {}}]"}}, {"model": "admin.logentry", "pk": 55, "fields": {"action_time": "2018-06-07T14:58:28.198Z", "user": 1, "content_type": 7, "object_id": "23", "object_repr": "Management of Human Resources @ Division of Business and Management", "action_flag": 1, "change_message": "[{\"added\": {}}]"}}, {"model": "admin.logentry", "pk": 56, "fields": {"action_time": "2018-06-07T14:58:32.605Z", "user": 1, "content_type": 7, "object_id": "24", "object_repr": "Marketing Management @ Division of Business and Management", "action_flag": 1, "change_message": "[{\"added\": {}}]"}}, {"model": "admin.logentry", "pk": 57, "fields": {"action_time": "2018-06-07T14:58:38.314Z", "user": 1, "content_type": 7, "object_id": "25", "object_repr": "Business Management and Information Systems @ Division of Business and Management", "action_flag": 1, "change_message": "[{\"added\": {}}]"}}, {"model": "admin.logentry", "pk": 58, "fields": {"action_time": "2018-06-07T14:58:45.469Z", "user": 1, "content_type": 7, "object_id": "26", "object_repr": "Entrepreneurship and Innovation @ Division of Business and Management", "action_flag": 1, "change_message": "[{\"added\": {}}]"}}, {"model": "admin.logentry", "pk": 59, "fields": {"action_time": "2018-06-08T07:17:04.012Z", "user": 1, "content_type": 10, "object_id": "1", "object_repr": "MR", "action_flag": 1, "change_message": "[{\"added\": {}}]"}}, {"model": "admin.logentry", "pk": 60, "fields": {"action_time": "2018-06-08T07:17:17.860Z", "user": 1, "content_type": 10, "object_id": "2", "object_repr": "ME", "action_flag": 1, "change_message": "[{\"added\": {}}]"}}, {"model": "admin.logentry", "pk": 61, "fields": {"action_time": "2018-06-08T07:17:30.031Z", "user": 1, "content_type": 10, "object_id": "3", "object_repr": "GER", "action_flag": 1, "change_message": "[{\"added\": {}}]"}}, {"model": "admin.logentry", "pk": 62, "fields": {"action_time": "2018-06-08T07:17:50.551Z", "user": 1, "content_type": 10, "object_id": "4", "object_repr": "GED", "action_flag": 1, "change_message": "[{\"added\": {}}]"}}, {"model": "admin.logentry", "pk": 63, "fields": {"action_time": "2018-06-08T07:18:07.918Z", "user": 1, "content_type": 10, "object_id": "5", "object_repr": "WPE", "action_flag": 1, "change_message": "[{\"added\": {}}]"}}, {"model": "admin.logentry", "pk": 64, "fields": {"action_time": "2018-06-08T07:18:21.776Z", "user": 1, "content_type": 10, "object_id": "6", "object_repr": "FE", "action_flag": 1, "change_message": "[{\"added\": {}}]"}}, {"model": "admin.logentry", "pk": 65, "fields": {"action_time": "2018-06-08T07:18:46.060Z", "user": 1, "content_type": 10, "object_id": "5", "object_repr": "WPEX", "action_flag": 2, "change_message": "[{\"changed\": {\"fields\": [\"name_abbr\"]}}]"}}, {"model": "admin.logentry", "pk": 66, "fields": {"action_time": "2018-06-08T07:59:46.505Z", "user": 1, "content_type": 11, "object_id": "1", "object_repr": "Course object (1)", "action_flag": 1, "change_message": "[{\"added\": {}}]"}}, {"model": "admin.logentry", "pk": 67, "fields": {"action_time": "2018-06-08T08:01:22.571Z", "user": 1, "content_type": 11, "object_id": "2", "object_repr": "Test Course 2 (TEST1013)", "action_flag": 1, "change_message": "[{\"added\": {}}]"}}, {"model": "admin.logentry", "pk": 68, "fields": {"action_time": "2018-06-08T12:33:42.354Z", "user": 1, "content_type": 11, "object_id": "4", "object_repr": "Test Course 4 (TEST2103)", "action_flag": 2, "change_message": "[{\"changed\": {\"fields\": [\"course_id\", \"course_name_cn\", \"course_description\"]}}]"}}, {"model": "admin.logentry", "pk": 69, "fields": {"action_time": "2018-06-08T12:41:07.712Z", "user": 1, "content_type": 11, "object_id": "7", "object_repr": "Test Course 5 (TEST3003)", "action_flag": 3, "change_message": ""}}, {"model": "admin.logentry", "pk": 70, "fields": {"action_time": "2018-06-08T12:41:07.823Z", "user": 1, "content_type": 11, "object_id": "6", "object_repr": "Test Course 5 (TEST3003)", "action_flag": 3, "change_message": ""}}, {"model": "admin.logentry", "pk": 71, "fields": {"action_time": "2018-06-08T12:41:07.907Z", "user": 1, "content_type": 11, "object_id": "5", "object_repr": "Test Course 5 (TEST3003)", "action_flag": 3, "change_message": ""}}, {"model": "admin.logentry", "pk": 72, "fields": {"action_time": "2018-06-08T12:41:08.007Z", "user": 1, "content_type": 11, "object_id": "4", "object_repr": "Test Course 4 (TEST2103)", "action_flag": 3, "change_message": ""}}, {"model": "admin.logentry", "pk": 73, "fields": {"action_time": "2018-06-14T06:31:51.614Z", "user": 1, "content_type": 4, "object_id": "1", "object_repr": "ecwu", "action_flag": 2, "change_message": "[{\"changed\": {\"fields\": [\"first_name\", \"last_name\"]}}]"}}]